{"cameraMode":{"drawMode":0,"name":"Shaded","section":"Shading Mode"},"sceneLighting":false,"audioPlay":false,"sceneViewState":{"showFog":true,"showMaterialUpdate":false,"showSkybox":true,"showFlares":true,"showImageEffects":true,"showParticleSystems":true},"in2DMode":false,"pivot":{"x":0.5277667045593262,"y":-2.993350028991699,"z":1.9350299835205079},"rotation":{"x":0.13252349197864533,"y":0.8671699166297913,"z":-0.35131391882896426,"w":0.3272809684276581},"size":7.7692484855651859,"orthographic":false}