{"cameraMode":{"drawMode":0,"name":"Shaded","section":"Shading Mode"},"sceneLighting":false,"audioPlay":false,"sceneViewState":{"showFog":true,"showMaterialUpdate":false,"showSkybox":true,"showFlares":true,"showImageEffects":true,"showParticleSystems":true},"in2DMode":false,"pivot":{"x":1.8401474952697755,"y":-2.5207595825195314,"z":2.6456351280212404},"rotation":{"x":0.1497374027967453,"y":0.847763180732727,"z":-0.3229038119316101,"w":0.39330753684043887},"size":6.550941467285156,"orthographic":false}