{"cameraMode":{"drawMode":0,"name":"Shaded","section":"Shading Mode"},"sceneLighting":false,"audioPlay":false,"sceneViewState":{"showFog":true,"showMaterialUpdate":false,"showSkybox":true,"showFlares":true,"showImageEffects":true,"showParticleSystems":true},"in2DMode":false,"pivot":{"x":2.905111312866211,"y":-1.4569091796875,"z":1.3153257369995118},"rotation":{"x":0.08373516798019409,"y":0.8995655179023743,"z":-0.19825023412704469,"w":0.3801940679550171},"size":6.850834846496582,"orthographic":false}