{"cameraMode":{"drawMode":0,"name":"Shaded","section":"Shading Mode"},"sceneLighting":false,"audioPlay":false,"sceneViewState":{"showFog":true,"showMaterialUpdate":false,"showSkybox":true,"showFlares":true,"showImageEffects":true,"showParticleSystems":true},"in2DMode":false,"pivot":{"x":-4.74060583114624,"y":0.7187533378601074,"z":-7.891191005706787},"rotation":{"x":-0.008772723376750946,"y":0.7928415536880493,"z":-0.011416000314056874,"w":-0.609257698059082},"size":1.193760871887207,"orthographic":false}