{"cameraMode":{"drawMode":0,"name":"Shaded","section":"Shading Mode"},"sceneLighting":false,"audioPlay":false,"sceneViewState":{"showFog":true,"showMaterialUpdate":false,"showSkybox":true,"showFlares":true,"showImageEffects":true,"showParticleSystems":true},"in2DMode":false,"pivot":{"x":-0.7970438003540039,"y":1.7697534561157227,"z":-0.017312049865722657},"rotation":{"x":0.3257026970386505,"y":0.161143496632576,"z":-0.05653909593820572,"w":0.9299639463424683},"size":5.9301371574401859,"orthographic":false}