{"cameraMode":{"drawMode":0,"name":"Shaded","section":"Shading Mode"},"sceneLighting":false,"audioPlay":false,"sceneViewState":{"showFog":true,"showMaterialUpdate":false,"showSkybox":true,"showFlares":true,"showImageEffects":true,"showParticleSystems":true},"in2DMode":false,"pivot":{"x":1.7858843803405762,"y":-0.34192848205566409,"z":-4.085604667663574},"rotation":{"x":0.33012863993644717,"y":0.4614773094654083,"z":-0.19026684761047364,"w":0.8012061715126038},"size":5.330136775970459,"orthographic":false}