{"cameraMode":{"drawMode":0,"name":"Shaded","section":"Shading Mode"},"sceneLighting":false,"audioPlay":false,"sceneViewState":{"showFog":true,"showMaterialUpdate":false,"showSkybox":true,"showFlares":true,"showImageEffects":true,"showParticleSystems":true},"in2DMode":false,"pivot":{"x":-2.4942619800567629,"y":0.6322668790817261,"z":-6.052950382232666},"rotation":{"x":0.1411224901676178,"y":-0.6461923122406006,"z":0.1231381893157959,"w":0.7398859858512878},"size":2.034440755844116,"orthographic":false}