{"cameraMode":{"drawMode":0,"name":"Shaded","section":"Shading Mode"},"sceneLighting":false,"audioPlay":false,"sceneViewState":{"showFog":true,"showMaterialUpdate":false,"showSkybox":false,"showFlares":true,"showImageEffects":true,"showParticleSystems":true},"in2DMode":false,"pivot":{"x":-0.6411310434341431,"y":1.1707879304885865,"z":0.9007982015609741},"rotation":{"x":0.0577516034245491,"y":0.9360730648040772,"z":-0.18374137580394746,"w":0.2944963872432709},"size":0.7648057341575623,"orthographic":false}