{"cameraMode":{"drawMode":0,"name":"Shaded","section":"Shading Mode"},"sceneLighting":false,"audioPlay":false,"sceneViewState":{"showFog":true,"showMaterialUpdate":false,"showSkybox":true,"showFlares":true,"showImageEffects":true,"showParticleSystems":true},"in2DMode":false,"pivot":{"x":4.2151265144348148,"y":2.3023877143859865,"z":-3.20149564743042},"rotation":{"x":-0.31407690048217776,"y":0.4081331193447113,"z":-0.1519465297460556,"w":-0.8436217308044434},"size":2.693760633468628,"orthographic":false}