{"cameraMode":{"drawMode":0,"name":"Shaded","section":"Shading Mode"},"sceneLighting":false,"audioPlay":false,"sceneViewState":{"showFog":true,"showMaterialUpdate":false,"showSkybox":false,"showFlares":true,"showImageEffects":true,"showParticleSystems":true},"in2DMode":false,"pivot":{"x":-0.3413928747177124,"y":0.9235134124755859,"z":0.9850373268127441},"rotation":{"x":0.018642157316207887,"y":0.8428629040718079,"z":-0.5370569229125977,"w":0.029372060671448709},"size":0.7648057341575623,"orthographic":false}