{"cameraMode":{"drawMode":0,"name":"Shaded","section":"Shading Mode"},"sceneLighting":false,"audioPlay":false,"sceneViewState":{"showFog":true,"showMaterialUpdate":false,"showSkybox":true,"showFlares":true,"showImageEffects":true,"showParticleSystems":true},"in2DMode":false,"pivot":{"x":-2.171755790710449,"y":1.737648606300354,"z":5.694288730621338},"rotation":{"x":-0.05256945639848709,"y":-0.9019862413406372,"z":0.1151280403137207,"w":-0.4128919839859009},"size":2.808401584625244,"orthographic":false}