{"cameraMode":{"drawMode":0,"name":"Shaded","section":"Shading Mode"},"sceneLighting":false,"audioPlay":false,"sceneViewState":{"showFog":true,"showMaterialUpdate":false,"showSkybox":true,"showFlares":true,"showImageEffects":true,"showParticleSystems":true},"in2DMode":false,"pivot":{"x":-1.5513575077056885,"y":-0.12712550163269044,"z":-5.5321478843688969},"rotation":{"x":-0.23904013633728028,"y":-0.08812838047742844,"z":0.02179066278040409,"w":-0.966757595539093},"size":2.3937606811523439,"orthographic":false}